{"cameraMode":{"drawMode":0,"name":"Shaded","section":"Shading Mode"},"sceneLighting":false,"audioPlay":false,"sceneViewState":{"m_AlwaysRefresh":false,"showFog":true,"showSkybox":false,"showFlares":true,"showImageEffects":true,"showParticleSystems":true,"showVisualEffectGraphs":true,"m_FxEnabled":true},"in2DMode":false,"pivot":{"x":0.02560199610888958,"y":-0.07462722063064575,"z":-0.10557829588651657},"rotation":{"x":0.04950205236673355,"y":0.9146826863288879,"z":-0.3833933472633362,"w":0.11809621006250382},"size":0.08443939685821533,"orthographic":false}