{"cameraMode":{"drawMode":0,"name":"Shaded","section":"Shading Mode"},"sceneLighting":true,"audioPlay":false,"sceneViewState":{"m_AlwaysRefresh":false,"showFog":true,"showSkybox":true,"showFlares":true,"showImageEffects":true,"showParticleSystems":true,"showVisualEffectGraphs":true,"m_FxEnabled":true},"in2DMode":false,"pivot":{"x":3.8675522804260256,"y":-0.035396575927734378,"z":-1.2790894508361817},"rotation":{"x":0.03345711901783943,"y":0.9258008599281311,"z":-0.3669983148574829,"w":0.08438654989004135},"size":1.7660253047943116,"orthographic":false}