{"cameraMode":{"drawMode":0,"name":"Shaded","section":"Shading Mode"},"sceneLighting":false,"audioPlay":false,"sceneViewState":{"m_AlwaysRefresh":false,"showFog":true,"showSkybox":false,"showFlares":true,"showImageEffects":true,"showParticleSystems":true,"showVisualEffectGraphs":true,"m_FxEnabled":true},"in2DMode":false,"pivot":{"x":0.0020799636840820314,"y":4.842877388000488e-8,"z":1.1175870895385743e-8},"rotation":{"x":0.1910945177078247,"y":0.5886821150779724,"z":-0.1457509696483612,"w":0.7718144059181213},"size":0.40745270252227785,"orthographic":false}